Ball_X,Ball_Y,Ball_Z
-3.0,-5.5,0.5
-2.3333333333333335,-5.5,0.5
-1.6666666666666667,-5.5,0.5
-1.0,-5.5,0.5
-0.3333333333333335,-5.5,0.5
0.33333333333333304,-5.5,0.5
1.0,-5.5,0.5
1.666666666666666,-5.5,0.5
2.333333333333333,-5.5,0.5
3.0,-5.5,0.5
-3.0,-4.714285714285714,0.5
-2.3333333333333335,-4.714285714285714,0.5
-1.6666666666666667,-4.714285714285714,0.5
-1.0,-4.714285714285714,0.5
-0.3333333333333335,-4.714285714285714,0.5
0.33333333333333304,-4.714285714285714,0.5
1.0,-4.714285714285714,0.5
1.666666666666666,-4.714285714285714,0.5
2.333333333333333,-4.714285714285714,0.5
3.0,-4.714285714285714,0.5
-3.0,-3.928571428571429,0.5
-2.3333333333333335,-3.928571428571429,0.5
-1.6666666666666667,-3.928571428571429,0.5
-1.0,-3.928571428571429,0.5
-0.3333333333333335,-3.928571428571429,0.5
0.33333333333333304,-3.928571428571429,0.5
1.0,-3.928571428571429,0.5
1.666666666666666,-3.928571428571429,0.5
2.333333333333333,-3.928571428571429,0.5
3.0,-3.928571428571429,0.5
-3.0,-3.142857142857143,0.5
-2.3333333333333335,-3.142857142857143,0.5
-1.6666666666666667,-3.142857142857143,0.5
-1.0,-3.142857142857143,0.5
-0.3333333333333335,-3.142857142857143,0.5
0.33333333333333304,-3.142857142857143,0.5
1.0,-3.142857142857143,0.5
1.666666666666666,-3.142857142857143,0.5
2.333333333333333,-3.142857142857143,0.5
3.0,-3.142857142857143,0.5
-3.0,-2.357142857142857,0.5
-2.3333333333333335,-2.357142857142857,0.5
-1.6666666666666667,-2.357142857142857,0.5
-1.0,-2.357142857142857,0.5
-0.3333333333333335,-2.357142857142857,0.5
0.33333333333333304,-2.357142857142857,0.5
1.0,-2.357142857142857,0.5
1.666666666666666,-2.357142857142857,0.5
2.333333333333333,-2.357142857142857,0.5
3.0,-2.357142857142857,0.5
-3.0,-1.5714285714285716,0.5
-2.3333333333333335,-1.5714285714285716,0.5
-1.6666666666666667,-1.5714285714285716,0.5
-1.0,-1.5714285714285716,0.5
-0.3333333333333335,-1.5714285714285716,0.5
0.33333333333333304,-1.5714285714285716,0.5
1.0,-1.5714285714285716,0.5
1.666666666666666,-1.5714285714285716,0.5
2.333333333333333,-1.5714285714285716,0.5
3.0,-1.5714285714285716,0.5
-3.0,-0.7857142857142856,0.5
-2.3333333333333335,-0.7857142857142856,0.5
-1.6666666666666667,-0.7857142857142856,0.5
-1.0,-0.7857142857142856,0.5
-0.3333333333333335,-0.7857142857142856,0.5
0.33333333333333304,-0.7857142857142856,0.5
1.0,-0.7857142857142856,0.5
1.666666666666666,-0.7857142857142856,0.5
2.333333333333333,-0.7857142857142856,0.5
3.0,-0.7857142857142856,0.5
-3.0,0.0,0.5
-2.3333333333333335,0.0,0.5
-1.6666666666666667,0.0,0.5
-1.0,0.0,0.5
-0.3333333333333335,0.0,0.5
0.33333333333333304,0.0,0.5
1.0,0.0,0.5
1.666666666666666,0.0,0.5
2.333333333333333,0.0,0.5
3.0,0.0,0.5
-3.0,0.7857142857142856,0.5
-2.3333333333333335,0.7857142857142856,0.5
-1.6666666666666667,0.7857142857142856,0.5
-1.0,0.7857142857142856,0.5
-0.3333333333333335,0.7857142857142856,0.5
0.33333333333333304,0.7857142857142856,0.5
1.0,0.7857142857142856,0.5
1.666666666666666,0.7857142857142856,0.5
2.333333333333333,0.7857142857142856,0.5
3.0,0.7857142857142856,0.5
-3.0,1.5714285714285712,0.5
-2.3333333333333335,1.5714285714285712,0.5
-1.6666666666666667,1.5714285714285712,0.5
-1.0,1.5714285714285712,0.5
-0.3333333333333335,1.5714285714285712,0.5
0.33333333333333304,1.5714285714285712,0.5
1.0,1.5714285714285712,0.5
1.666666666666666,1.5714285714285712,0.5
2.333333333333333,1.5714285714285712,0.5
3.0,1.5714285714285712,0.5
-3.0,2.3571428571428568,0.5
-2.3333333333333335,2.3571428571428568,0.5
-1.6666666666666667,2.3571428571428568,0.5
-1.0,2.3571428571428568,0.5
-0.3333333333333335,2.3571428571428568,0.5
0.33333333333333304,2.3571428571428568,0.5
1.0,2.3571428571428568,0.5
1.666666666666666,2.3571428571428568,0.5
2.333333333333333,2.3571428571428568,0.5
3.0,2.3571428571428568,0.5
-3.0,3.1428571428571423,0.5
-2.3333333333333335,3.1428571428571423,0.5
-1.6666666666666667,3.1428571428571423,0.5
-1.0,3.1428571428571423,0.5
-0.3333333333333335,3.1428571428571423,0.5
0.33333333333333304,3.1428571428571423,0.5
1.0,3.1428571428571423,0.5
1.666666666666666,3.1428571428571423,0.5
2.333333333333333,3.1428571428571423,0.5
3.0,3.1428571428571423,0.5
-3.0,3.928571428571429,0.5
-2.3333333333333335,3.928571428571429,0.5
-1.6666666666666667,3.928571428571429,0.5
-1.0,3.928571428571429,0.5
-0.3333333333333335,3.928571428571429,0.5
0.33333333333333304,3.928571428571429,0.5
1.0,3.928571428571429,0.5
1.666666666666666,3.928571428571429,0.5
2.333333333333333,3.928571428571429,0.5
3.0,3.928571428571429,0.5
-3.0,4.7142857142857135,0.5
-2.3333333333333335,4.7142857142857135,0.5
-1.6666666666666667,4.7142857142857135,0.5
-1.0,4.7142857142857135,0.5
-0.3333333333333335,4.7142857142857135,0.5
0.33333333333333304,4.7142857142857135,0.5
1.0,4.7142857142857135,0.5
1.666666666666666,4.7142857142857135,0.5
2.333333333333333,4.7142857142857135,0.5
3.0,4.7142857142857135,0.5
-3.0,5.5,0.5
-2.3333333333333335,5.5,0.5
-1.6666666666666667,5.5,0.5
-1.0,5.5,0.5
-0.3333333333333335,5.5,0.5
0.33333333333333304,5.5,0.5
1.0,5.5,0.5
1.666666666666666,5.5,0.5
2.333333333333333,5.5,0.5
3.0,5.5,0.5
-3.0,-5.5,0.7777777777777778
-2.3333333333333335,-5.5,0.7777777777777778
-1.6666666666666667,-5.5,0.7777777777777778
-1.0,-5.5,0.7777777777777778
-0.3333333333333335,-5.5,0.7777777777777778
0.33333333333333304,-5.5,0.7777777777777778
1.0,-5.5,0.7777777777777778
1.666666666666666,-5.5,0.7777777777777778
2.333333333333333,-5.5,0.7777777777777778
3.0,-5.5,0.7777777777777778
-3.0,-4.714285714285714,0.7777777777777778
-2.3333333333333335,-4.714285714285714,0.7777777777777778
-1.6666666666666667,-4.714285714285714,0.7777777777777778
-1.0,-4.714285714285714,0.7777777777777778
-0.3333333333333335,-4.714285714285714,0.7777777777777778
0.33333333333333304,-4.714285714285714,0.7777777777777778
1.0,-4.714285714285714,0.7777777777777778
1.666666666666666,-4.714285714285714,0.7777777777777778
2.333333333333333,-4.714285714285714,0.7777777777777778
3.0,-4.714285714285714,0.7777777777777778
-3.0,-3.928571428571429,0.7777777777777778
-2.3333333333333335,-3.928571428571429,0.7777777777777778
-1.6666666666666667,-3.928571428571429,0.7777777777777778
-1.0,-3.928571428571429,0.7777777777777778
-0.3333333333333335,-3.928571428571429,0.7777777777777778
0.33333333333333304,-3.928571428571429,0.7777777777777778
1.0,-3.928571428571429,0.7777777777777778
1.666666666666666,-3.928571428571429,0.7777777777777778
2.333333333333333,-3.928571428571429,0.7777777777777778
3.0,-3.928571428571429,0.7777777777777778
-3.0,-3.142857142857143,0.7777777777777778
-2.3333333333333335,-3.142857142857143,0.7777777777777778
-1.6666666666666667,-3.142857142857143,0.7777777777777778
-1.0,-3.142857142857143,0.7777777777777778
-0.3333333333333335,-3.142857142857143,0.7777777777777778
0.33333333333333304,-3.142857142857143,0.7777777777777778
1.0,-3.142857142857143,0.7777777777777778
1.666666666666666,-3.142857142857143,0.7777777777777778
2.333333333333333,-3.142857142857143,0.7777777777777778
3.0,-3.142857142857143,0.7777777777777778
-3.0,-2.357142857142857,0.7777777777777778
-2.3333333333333335,-2.357142857142857,0.7777777777777778
-1.6666666666666667,-2.357142857142857,0.7777777777777778
-1.0,-2.357142857142857,0.7777777777777778
-0.3333333333333335,-2.357142857142857,0.7777777777777778
0.33333333333333304,-2.357142857142857,0.7777777777777778
1.0,-2.357142857142857,0.7777777777777778
1.666666666666666,-2.357142857142857,0.7777777777777778
2.333333333333333,-2.357142857142857,0.7777777777777778
3.0,-2.357142857142857,0.7777777777777778
-3.0,-1.5714285714285716,0.7777777777777778
-2.3333333333333335,-1.5714285714285716,0.7777777777777778
-1.6666666666666667,-1.5714285714285716,0.7777777777777778
-1.0,-1.5714285714285716,0.7777777777777778
-0.3333333333333335,-1.5714285714285716,0.7777777777777778
0.33333333333333304,-1.5714285714285716,0.7777777777777778
1.0,-1.5714285714285716,0.7777777777777778
1.666666666666666,-1.5714285714285716,0.7777777777777778
2.333333333333333,-1.5714285714285716,0.7777777777777778
3.0,-1.5714285714285716,0.7777777777777778
-3.0,-0.7857142857142856,0.7777777777777778
-2.3333333333333335,-0.7857142857142856,0.7777777777777778
-1.6666666666666667,-0.7857142857142856,0.7777777777777778
-1.0,-0.7857142857142856,0.7777777777777778
-0.3333333333333335,-0.7857142857142856,0.7777777777777778
0.33333333333333304,-0.7857142857142856,0.7777777777777778
1.0,-0.7857142857142856,0.7777777777777778
1.666666666666666,-0.7857142857142856,0.7777777777777778
2.333333333333333,-0.7857142857142856,0.7777777777777778
3.0,-0.7857142857142856,0.7777777777777778
-3.0,0.0,0.7777777777777778
-2.3333333333333335,0.0,0.7777777777777778
-1.6666666666666667,0.0,0.7777777777777778
-1.0,0.0,0.7777777777777778
-0.3333333333333335,0.0,0.7777777777777778
0.33333333333333304,0.0,0.7777777777777778
1.0,0.0,0.7777777777777778
1.666666666666666,0.0,0.7777777777777778
2.333333333333333,0.0,0.7777777777777778
3.0,0.0,0.7777777777777778
-3.0,0.7857142857142856,0.7777777777777778
-2.3333333333333335,0.7857142857142856,0.7777777777777778
-1.6666666666666667,0.7857142857142856,0.7777777777777778
-1.0,0.7857142857142856,0.7777777777777778
-0.3333333333333335,0.7857142857142856,0.7777777777777778
0.33333333333333304,0.7857142857142856,0.7777777777777778
1.0,0.7857142857142856,0.7777777777777778
1.666666666666666,0.7857142857142856,0.7777777777777778
2.333333333333333,0.7857142857142856,0.7777777777777778
3.0,0.7857142857142856,0.7777777777777778
-3.0,1.5714285714285712,0.7777777777777778
-2.3333333333333335,1.5714285714285712,0.7777777777777778
-1.6666666666666667,1.5714285714285712,0.7777777777777778
-1.0,1.5714285714285712,0.7777777777777778
-0.3333333333333335,1.5714285714285712,0.7777777777777778
0.33333333333333304,1.5714285714285712,0.7777777777777778
1.0,1.5714285714285712,0.7777777777777778
1.666666666666666,1.5714285714285712,0.7777777777777778
2.333333333333333,1.5714285714285712,0.7777777777777778
3.0,1.5714285714285712,0.7777777777777778
-3.0,2.3571428571428568,0.7777777777777778
-2.3333333333333335,2.3571428571428568,0.7777777777777778
-1.6666666666666667,2.3571428571428568,0.7777777777777778
-1.0,2.3571428571428568,0.7777777777777778
-0.3333333333333335,2.3571428571428568,0.7777777777777778
0.33333333333333304,2.3571428571428568,0.7777777777777778
1.0,2.3571428571428568,0.7777777777777778
1.666666666666666,2.3571428571428568,0.7777777777777778
2.333333333333333,2.3571428571428568,0.7777777777777778
3.0,2.3571428571428568,0.7777777777777778
-3.0,3.1428571428571423,0.7777777777777778
-2.3333333333333335,3.1428571428571423,0.7777777777777778
-1.6666666666666667,3.1428571428571423,0.7777777777777778
-1.0,3.1428571428571423,0.7777777777777778
-0.3333333333333335,3.1428571428571423,0.7777777777777778
0.33333333333333304,3.1428571428571423,0.7777777777777778
1.0,3.1428571428571423,0.7777777777777778
1.666666666666666,3.1428571428571423,0.7777777777777778
2.333333333333333,3.1428571428571423,0.7777777777777778
3.0,3.1428571428571423,0.7777777777777778
-3.0,3.928571428571429,0.7777777777777778
-2.3333333333333335,3.928571428571429,0.7777777777777778
-1.6666666666666667,3.928571428571429,0.7777777777777778
-1.0,3.928571428571429,0.7777777777777778
-0.3333333333333335,3.928571428571429,0.7777777777777778
0.33333333333333304,3.928571428571429,0.7777777777777778
1.0,3.928571428571429,0.7777777777777778
1.666666666666666,3.928571428571429,0.7777777777777778
2.333333333333333,3.928571428571429,0.7777777777777778
3.0,3.928571428571429,0.7777777777777778
-3.0,4.7142857142857135,0.7777777777777778
-2.3333333333333335,4.7142857142857135,0.7777777777777778
-1.6666666666666667,4.7142857142857135,0.7777777777777778
-1.0,4.7142857142857135,0.7777777777777778
-0.3333333333333335,4.7142857142857135,0.7777777777777778
0.33333333333333304,4.7142857142857135,0.7777777777777778
1.0,4.7142857142857135,0.7777777777777778
1.666666666666666,4.7142857142857135,0.7777777777777778
2.333333333333333,4.7142857142857135,0.7777777777777778
3.0,4.7142857142857135,0.7777777777777778
-3.0,5.5,0.7777777777777778
-2.3333333333333335,5.5,0.7777777777777778
-1.6666666666666667,5.5,0.7777777777777778
-1.0,5.5,0.7777777777777778
-0.3333333333333335,5.5,0.7777777777777778
0.33333333333333304,5.5,0.7777777777777778
1.0,5.5,0.7777777777777778
1.666666666666666,5.5,0.7777777777777778
2.333333333333333,5.5,0.7777777777777778
3.0,5.5,0.7777777777777778
-3.0,-5.5,1.0555555555555556
-2.3333333333333335,-5.5,1.0555555555555556
-1.6666666666666667,-5.5,1.0555555555555556
-1.0,-5.5,1.0555555555555556
-0.3333333333333335,-5.5,1.0555555555555556
0.33333333333333304,-5.5,1.0555555555555556
1.0,-5.5,1.0555555555555556
1.666666666666666,-5.5,1.0555555555555556
2.333333333333333,-5.5,1.0555555555555556
3.0,-5.5,1.0555555555555556
-3.0,-4.714285714285714,1.0555555555555556
-2.3333333333333335,-4.714285714285714,1.0555555555555556
-1.6666666666666667,-4.714285714285714,1.0555555555555556
-1.0,-4.714285714285714,1.0555555555555556
-0.3333333333333335,-4.714285714285714,1.0555555555555556
0.33333333333333304,-4.714285714285714,1.0555555555555556
1.0,-4.714285714285714,1.0555555555555556
1.666666666666666,-4.714285714285714,1.0555555555555556
2.333333333333333,-4.714285714285714,1.0555555555555556
3.0,-4.714285714285714,1.0555555555555556
-3.0,-3.928571428571429,1.0555555555555556
-2.3333333333333335,-3.928571428571429,1.0555555555555556
-1.6666666666666667,-3.928571428571429,1.0555555555555556
-1.0,-3.928571428571429,1.0555555555555556
-0.3333333333333335,-3.928571428571429,1.0555555555555556
0.33333333333333304,-3.928571428571429,1.0555555555555556
1.0,-3.928571428571429,1.0555555555555556
1.666666666666666,-3.928571428571429,1.0555555555555556
2.333333333333333,-3.928571428571429,1.0555555555555556
3.0,-3.928571428571429,1.0555555555555556
-3.0,-3.142857142857143,1.0555555555555556
-2.3333333333333335,-3.142857142857143,1.0555555555555556
-1.6666666666666667,-3.142857142857143,1.0555555555555556
-1.0,-3.142857142857143,1.0555555555555556
-0.3333333333333335,-3.142857142857143,1.0555555555555556
0.33333333333333304,-3.142857142857143,1.0555555555555556
1.0,-3.142857142857143,1.0555555555555556
1.666666666666666,-3.142857142857143,1.0555555555555556
2.333333333333333,-3.142857142857143,1.0555555555555556
3.0,-3.142857142857143,1.0555555555555556
-3.0,-2.357142857142857,1.0555555555555556
-2.3333333333333335,-2.357142857142857,1.0555555555555556
-1.6666666666666667,-2.357142857142857,1.0555555555555556
-1.0,-2.357142857142857,1.0555555555555556
-0.3333333333333335,-2.357142857142857,1.0555555555555556
0.33333333333333304,-2.357142857142857,1.0555555555555556
1.0,-2.357142857142857,1.0555555555555556
1.666666666666666,-2.357142857142857,1.0555555555555556
2.333333333333333,-2.357142857142857,1.0555555555555556
3.0,-2.357142857142857,1.0555555555555556
-3.0,-1.5714285714285716,1.0555555555555556
-2.3333333333333335,-1.5714285714285716,1.0555555555555556
-1.6666666666666667,-1.5714285714285716,1.0555555555555556
-1.0,-1.5714285714285716,1.0555555555555556
-0.3333333333333335,-1.5714285714285716,1.0555555555555556
0.33333333333333304,-1.5714285714285716,1.0555555555555556
1.0,-1.5714285714285716,1.0555555555555556
1.666666666666666,-1.5714285714285716,1.0555555555555556
2.333333333333333,-1.5714285714285716,1.0555555555555556
3.0,-1.5714285714285716,1.0555555555555556
-3.0,-0.7857142857142856,1.0555555555555556
-2.3333333333333335,-0.7857142857142856,1.0555555555555556
-1.6666666666666667,-0.7857142857142856,1.0555555555555556
-1.0,-0.7857142857142856,1.0555555555555556
-0.3333333333333335,-0.7857142857142856,1.0555555555555556
0.33333333333333304,-0.7857142857142856,1.0555555555555556
1.0,-0.7857142857142856,1.0555555555555556
1.666666666666666,-0.7857142857142856,1.0555555555555556
2.333333333333333,-0.7857142857142856,1.0555555555555556
3.0,-0.7857142857142856,1.0555555555555556
-3.0,0.0,1.0555555555555556
-2.3333333333333335,0.0,1.0555555555555556
-1.6666666666666667,0.0,1.0555555555555556
-1.0,0.0,1.0555555555555556
-0.3333333333333335,0.0,1.0555555555555556
0.33333333333333304,0.0,1.0555555555555556
1.0,0.0,1.0555555555555556
1.666666666666666,0.0,1.0555555555555556
2.333333333333333,0.0,1.0555555555555556
3.0,0.0,1.0555555555555556
-3.0,0.7857142857142856,1.0555555555555556
-2.3333333333333335,0.7857142857142856,1.0555555555555556
-1.6666666666666667,0.7857142857142856,1.0555555555555556
-1.0,0.7857142857142856,1.0555555555555556
-0.3333333333333335,0.7857142857142856,1.0555555555555556
0.33333333333333304,0.7857142857142856,1.0555555555555556
1.0,0.7857142857142856,1.0555555555555556
1.666666666666666,0.7857142857142856,1.0555555555555556
2.333333333333333,0.7857142857142856,1.0555555555555556
3.0,0.7857142857142856,1.0555555555555556
-3.0,1.5714285714285712,1.0555555555555556
-2.3333333333333335,1.5714285714285712,1.0555555555555556
-1.6666666666666667,1.5714285714285712,1.0555555555555556
-1.0,1.5714285714285712,1.0555555555555556
-0.3333333333333335,1.5714285714285712,1.0555555555555556
0.33333333333333304,1.5714285714285712,1.0555555555555556
1.0,1.5714285714285712,1.0555555555555556
1.666666666666666,1.5714285714285712,1.0555555555555556
2.333333333333333,1.5714285714285712,1.0555555555555556
3.0,1.5714285714285712,1.0555555555555556
-3.0,2.3571428571428568,1.0555555555555556
-2.3333333333333335,2.3571428571428568,1.0555555555555556
-1.6666666666666667,2.3571428571428568,1.0555555555555556
-1.0,2.3571428571428568,1.0555555555555556
-0.3333333333333335,2.3571428571428568,1.0555555555555556
0.33333333333333304,2.3571428571428568,1.0555555555555556
1.0,2.3571428571428568,1.0555555555555556
1.666666666666666,2.3571428571428568,1.0555555555555556
2.333333333333333,2.3571428571428568,1.0555555555555556
3.0,2.3571428571428568,1.0555555555555556
-3.0,3.1428571428571423,1.0555555555555556
-2.3333333333333335,3.1428571428571423,1.0555555555555556
-1.6666666666666667,3.1428571428571423,1.0555555555555556
-1.0,3.1428571428571423,1.0555555555555556
-0.3333333333333335,3.1428571428571423,1.0555555555555556
0.33333333333333304,3.1428571428571423,1.0555555555555556
1.0,3.1428571428571423,1.0555555555555556
1.666666666666666,3.1428571428571423,1.0555555555555556
2.333333333333333,3.1428571428571423,1.0555555555555556
3.0,3.1428571428571423,1.0555555555555556
-3.0,3.928571428571429,1.0555555555555556
-2.3333333333333335,3.928571428571429,1.0555555555555556
-1.6666666666666667,3.928571428571429,1.0555555555555556
-1.0,3.928571428571429,1.0555555555555556
-0.3333333333333335,3.928571428571429,1.0555555555555556
0.33333333333333304,3.928571428571429,1.0555555555555556
1.0,3.928571428571429,1.0555555555555556
1.666666666666666,3.928571428571429,1.0555555555555556
2.333333333333333,3.928571428571429,1.0555555555555556
3.0,3.928571428571429,1.0555555555555556
-3.0,4.7142857142857135,1.0555555555555556
-2.3333333333333335,4.7142857142857135,1.0555555555555556
-1.6666666666666667,4.7142857142857135,1.0555555555555556
-1.0,4.7142857142857135,1.0555555555555556
-0.3333333333333335,4.7142857142857135,1.0555555555555556
0.33333333333333304,4.7142857142857135,1.0555555555555556
1.0,4.7142857142857135,1.0555555555555556
1.666666666666666,4.7142857142857135,1.0555555555555556
2.333333333333333,4.7142857142857135,1.0555555555555556
3.0,4.7142857142857135,1.0555555555555556
-3.0,5.5,1.0555555555555556
-2.3333333333333335,5.5,1.0555555555555556
-1.6666666666666667,5.5,1.0555555555555556
-1.0,5.5,1.0555555555555556
-0.3333333333333335,5.5,1.0555555555555556
0.33333333333333304,5.5,1.0555555555555556
1.0,5.5,1.0555555555555556
1.666666666666666,5.5,1.0555555555555556
2.333333333333333,5.5,1.0555555555555556
3.0,5.5,1.0555555555555556
-3.0,-5.5,1.3333333333333335
-2.3333333333333335,-5.5,1.3333333333333335
-1.6666666666666667,-5.5,1.3333333333333335
-1.0,-5.5,1.3333333333333335
-0.3333333333333335,-5.5,1.3333333333333335
0.33333333333333304,-5.5,1.3333333333333335
1.0,-5.5,1.3333333333333335
1.666666666666666,-5.5,1.3333333333333335
2.333333333333333,-5.5,1.3333333333333335
3.0,-5.5,1.3333333333333335
-3.0,-4.714285714285714,1.3333333333333335
-2.3333333333333335,-4.714285714285714,1.3333333333333335
-1.6666666666666667,-4.714285714285714,1.3333333333333335
-1.0,-4.714285714285714,1.3333333333333335
-0.3333333333333335,-4.714285714285714,1.3333333333333335
0.33333333333333304,-4.714285714285714,1.3333333333333335
1.0,-4.714285714285714,1.3333333333333335
1.666666666666666,-4.714285714285714,1.3333333333333335
2.333333333333333,-4.714285714285714,1.3333333333333335
3.0,-4.714285714285714,1.3333333333333335
-3.0,-3.928571428571429,1.3333333333333335
-2.3333333333333335,-3.928571428571429,1.3333333333333335
-1.6666666666666667,-3.928571428571429,1.3333333333333335
-1.0,-3.928571428571429,1.3333333333333335
-0.3333333333333335,-3.928571428571429,1.3333333333333335
0.33333333333333304,-3.928571428571429,1.3333333333333335
1.0,-3.928571428571429,1.3333333333333335
1.666666666666666,-3.928571428571429,1.3333333333333335
2.333333333333333,-3.928571428571429,1.3333333333333335
3.0,-3.928571428571429,1.3333333333333335
-3.0,-3.142857142857143,1.3333333333333335
-2.3333333333333335,-3.142857142857143,1.3333333333333335
-1.6666666666666667,-3.142857142857143,1.3333333333333335
-1.0,-3.142857142857143,1.3333333333333335
-0.3333333333333335,-3.142857142857143,1.3333333333333335
0.33333333333333304,-3.142857142857143,1.3333333333333335
1.0,-3.142857142857143,1.3333333333333335
1.666666666666666,-3.142857142857143,1.3333333333333335
2.333333333333333,-3.142857142857143,1.3333333333333335
3.0,-3.142857142857143,1.3333333333333335
-3.0,-2.357142857142857,1.3333333333333335
-2.3333333333333335,-2.357142857142857,1.3333333333333335
-1.6666666666666667,-2.357142857142857,1.3333333333333335
-1.0,-2.357142857142857,1.3333333333333335
-0.3333333333333335,-2.357142857142857,1.3333333333333335
0.33333333333333304,-2.357142857142857,1.3333333333333335
1.0,-2.357142857142857,1.3333333333333335
1.666666666666666,-2.357142857142857,1.3333333333333335
2.333333333333333,-2.357142857142857,1.3333333333333335
3.0,-2.357142857142857,1.3333333333333335
-3.0,-1.5714285714285716,1.3333333333333335
-2.3333333333333335,-1.5714285714285716,1.3333333333333335
-1.6666666666666667,-1.5714285714285716,1.3333333333333335
-1.0,-1.5714285714285716,1.3333333333333335
-0.3333333333333335,-1.5714285714285716,1.3333333333333335
0.33333333333333304,-1.5714285714285716,1.3333333333333335
1.0,-1.5714285714285716,1.3333333333333335
1.666666666666666,-1.5714285714285716,1.3333333333333335
2.333333333333333,-1.5714285714285716,1.3333333333333335
3.0,-1.5714285714285716,1.3333333333333335
-3.0,-0.7857142857142856,1.3333333333333335
-2.3333333333333335,-0.7857142857142856,1.3333333333333335
-1.6666666666666667,-0.7857142857142856,1.3333333333333335
-1.0,-0.7857142857142856,1.3333333333333335
-0.3333333333333335,-0.7857142857142856,1.3333333333333335
0.33333333333333304,-0.7857142857142856,1.3333333333333335
1.0,-0.7857142857142856,1.3333333333333335
1.666666666666666,-0.7857142857142856,1.3333333333333335
2.333333333333333,-0.7857142857142856,1.3333333333333335
3.0,-0.7857142857142856,1.3333333333333335
-3.0,0.0,1.3333333333333335
-2.3333333333333335,0.0,1.3333333333333335
-1.6666666666666667,0.0,1.3333333333333335
-1.0,0.0,1.3333333333333335
-0.3333333333333335,0.0,1.3333333333333335
0.33333333333333304,0.0,1.3333333333333335
1.0,0.0,1.3333333333333335
1.666666666666666,0.0,1.3333333333333335
2.333333333333333,0.0,1.3333333333333335
3.0,0.0,1.3333333333333335
-3.0,0.7857142857142856,1.3333333333333335
-2.3333333333333335,0.7857142857142856,1.3333333333333335
-1.6666666666666667,0.7857142857142856,1.3333333333333335
-1.0,0.7857142857142856,1.3333333333333335
-0.3333333333333335,0.7857142857142856,1.3333333333333335
0.33333333333333304,0.7857142857142856,1.3333333333333335
1.0,0.7857142857142856,1.3333333333333335
1.666666666666666,0.7857142857142856,1.3333333333333335
2.333333333333333,0.7857142857142856,1.3333333333333335
3.0,0.7857142857142856,1.3333333333333335
-3.0,1.5714285714285712,1.3333333333333335
-2.3333333333333335,1.5714285714285712,1.3333333333333335
-1.6666666666666667,1.5714285714285712,1.3333333333333335
-1.0,1.5714285714285712,1.3333333333333335
-0.3333333333333335,1.5714285714285712,1.3333333333333335
0.33333333333333304,1.5714285714285712,1.3333333333333335
1.0,1.5714285714285712,1.3333333333333335
1.666666666666666,1.5714285714285712,1.3333333333333335
2.333333333333333,1.5714285714285712,1.3333333333333335
3.0,1.5714285714285712,1.3333333333333335
-3.0,2.3571428571428568,1.3333333333333335
-2.3333333333333335,2.3571428571428568,1.3333333333333335
-1.6666666666666667,2.3571428571428568,1.3333333333333335
-1.0,2.3571428571428568,1.3333333333333335
-0.3333333333333335,2.3571428571428568,1.3333333333333335
0.33333333333333304,2.3571428571428568,1.3333333333333335
1.0,2.3571428571428568,1.3333333333333335
1.666666666666666,2.3571428571428568,1.3333333333333335
2.333333333333333,2.3571428571428568,1.3333333333333335
3.0,2.3571428571428568,1.3333333333333335
-3.0,3.1428571428571423,1.3333333333333335
-2.3333333333333335,3.1428571428571423,1.3333333333333335
-1.6666666666666667,3.1428571428571423,1.3333333333333335
-1.0,3.1428571428571423,1.3333333333333335
-0.3333333333333335,3.1428571428571423,1.3333333333333335
0.33333333333333304,3.1428571428571423,1.3333333333333335
1.0,3.1428571428571423,1.3333333333333335
1.666666666666666,3.1428571428571423,1.3333333333333335
2.333333333333333,3.1428571428571423,1.3333333333333335
3.0,3.1428571428571423,1.3333333333333335
-3.0,3.928571428571429,1.3333333333333335
-2.3333333333333335,3.928571428571429,1.3333333333333335
-1.6666666666666667,3.928571428571429,1.3333333333333335
-1.0,3.928571428571429,1.3333333333333335
-0.3333333333333335,3.928571428571429,1.3333333333333335
0.33333333333333304,3.928571428571429,1.3333333333333335
1.0,3.928571428571429,1.3333333333333335
1.666666666666666,3.928571428571429,1.3333333333333335
2.333333333333333,3.928571428571429,1.3333333333333335
3.0,3.928571428571429,1.3333333333333335
-3.0,4.7142857142857135,1.3333333333333335
-2.3333333333333335,4.7142857142857135,1.3333333333333335
-1.6666666666666667,4.7142857142857135,1.3333333333333335
-1.0,4.7142857142857135,1.3333333333333335
-0.3333333333333335,4.7142857142857135,1.3333333333333335
0.33333333333333304,4.7142857142857135,1.3333333333333335
1.0,4.7142857142857135,1.3333333333333335
1.666666666666666,4.7142857142857135,1.3333333333333335
2.333333333333333,4.7142857142857135,1.3333333333333335
3.0,4.7142857142857135,1.3333333333333335
-3.0,5.5,1.3333333333333335
-2.3333333333333335,5.5,1.3333333333333335
-1.6666666666666667,5.5,1.3333333333333335
-1.0,5.5,1.3333333333333335
-0.3333333333333335,5.5,1.3333333333333335
0.33333333333333304,5.5,1.3333333333333335
1.0,5.5,1.3333333333333335
1.666666666666666,5.5,1.3333333333333335
2.333333333333333,5.5,1.3333333333333335
3.0,5.5,1.3333333333333335
-3.0,-5.5,1.6111111111111112
-2.3333333333333335,-5.5,1.6111111111111112
-1.6666666666666667,-5.5,1.6111111111111112
-1.0,-5.5,1.6111111111111112
-0.3333333333333335,-5.5,1.6111111111111112
0.33333333333333304,-5.5,1.6111111111111112
1.0,-5.5,1.6111111111111112
1.666666666666666,-5.5,1.6111111111111112
2.333333333333333,-5.5,1.6111111111111112
3.0,-5.5,1.6111111111111112
-3.0,-4.714285714285714,1.6111111111111112
-2.3333333333333335,-4.714285714285714,1.6111111111111112
-1.6666666666666667,-4.714285714285714,1.6111111111111112
-1.0,-4.714285714285714,1.6111111111111112
-0.3333333333333335,-4.714285714285714,1.6111111111111112
0.33333333333333304,-4.714285714285714,1.6111111111111112
1.0,-4.714285714285714,1.6111111111111112
1.666666666666666,-4.714285714285714,1.6111111111111112
2.333333333333333,-4.714285714285714,1.6111111111111112
3.0,-4.714285714285714,1.6111111111111112
-3.0,-3.928571428571429,1.6111111111111112
-2.3333333333333335,-3.928571428571429,1.6111111111111112
-1.6666666666666667,-3.928571428571429,1.6111111111111112
-1.0,-3.928571428571429,1.6111111111111112
-0.3333333333333335,-3.928571428571429,1.6111111111111112
0.33333333333333304,-3.928571428571429,1.6111111111111112
1.0,-3.928571428571429,1.6111111111111112
1.666666666666666,-3.928571428571429,1.6111111111111112
2.333333333333333,-3.928571428571429,1.6111111111111112
3.0,-3.928571428571429,1.6111111111111112
-3.0,-3.142857142857143,1.6111111111111112
-2.3333333333333335,-3.142857142857143,1.6111111111111112
-1.6666666666666667,-3.142857142857143,1.6111111111111112
-1.0,-3.142857142857143,1.6111111111111112
-0.3333333333333335,-3.142857142857143,1.6111111111111112
0.33333333333333304,-3.142857142857143,1.6111111111111112
1.0,-3.142857142857143,1.6111111111111112
1.666666666666666,-3.142857142857143,1.6111111111111112
2.333333333333333,-3.142857142857143,1.6111111111111112
3.0,-3.142857142857143,1.6111111111111112
-3.0,-2.357142857142857,1.6111111111111112
-2.3333333333333335,-2.357142857142857,1.6111111111111112
-1.6666666666666667,-2.357142857142857,1.6111111111111112
-1.0,-2.357142857142857,1.6111111111111112
-0.3333333333333335,-2.357142857142857,1.6111111111111112
0.33333333333333304,-2.357142857142857,1.6111111111111112
1.0,-2.357142857142857,1.6111111111111112
1.666666666666666,-2.357142857142857,1.6111111111111112
2.333333333333333,-2.357142857142857,1.6111111111111112
3.0,-2.357142857142857,1.6111111111111112
-3.0,-1.5714285714285716,1.6111111111111112
-2.3333333333333335,-1.5714285714285716,1.6111111111111112
-1.6666666666666667,-1.5714285714285716,1.6111111111111112
-1.0,-1.5714285714285716,1.6111111111111112
-0.3333333333333335,-1.5714285714285716,1.6111111111111112
0.33333333333333304,-1.5714285714285716,1.6111111111111112
1.0,-1.5714285714285716,1.6111111111111112
1.666666666666666,-1.5714285714285716,1.6111111111111112
2.333333333333333,-1.5714285714285716,1.6111111111111112
3.0,-1.5714285714285716,1.6111111111111112
-3.0,-0.7857142857142856,1.6111111111111112
-2.3333333333333335,-0.7857142857142856,1.6111111111111112
-1.6666666666666667,-0.7857142857142856,1.6111111111111112
-1.0,-0.7857142857142856,1.6111111111111112
-0.3333333333333335,-0.7857142857142856,1.6111111111111112
0.33333333333333304,-0.7857142857142856,1.6111111111111112
1.0,-0.7857142857142856,1.6111111111111112
1.666666666666666,-0.7857142857142856,1.6111111111111112
2.333333333333333,-0.7857142857142856,1.6111111111111112
3.0,-0.7857142857142856,1.6111111111111112
-3.0,0.0,1.6111111111111112
-2.3333333333333335,0.0,1.6111111111111112
-1.6666666666666667,0.0,1.6111111111111112
-1.0,0.0,1.6111111111111112
-0.3333333333333335,0.0,1.6111111111111112
0.33333333333333304,0.0,1.6111111111111112
1.0,0.0,1.6111111111111112
1.666666666666666,0.0,1.6111111111111112
2.333333333333333,0.0,1.6111111111111112
3.0,0.0,1.6111111111111112
-3.0,0.7857142857142856,1.6111111111111112
-2.3333333333333335,0.7857142857142856,1.6111111111111112
-1.6666666666666667,0.7857142857142856,1.6111111111111112
-1.0,0.7857142857142856,1.6111111111111112
-0.3333333333333335,0.7857142857142856,1.6111111111111112
0.33333333333333304,0.7857142857142856,1.6111111111111112
1.0,0.7857142857142856,1.6111111111111112
1.666666666666666,0.7857142857142856,1.6111111111111112
2.333333333333333,0.7857142857142856,1.6111111111111112
3.0,0.7857142857142856,1.6111111111111112
-3.0,1.5714285714285712,1.6111111111111112
-2.3333333333333335,1.5714285714285712,1.6111111111111112
-1.6666666666666667,1.5714285714285712,1.6111111111111112
-1.0,1.5714285714285712,1.6111111111111112
-0.3333333333333335,1.5714285714285712,1.6111111111111112
0.33333333333333304,1.5714285714285712,1.6111111111111112
1.0,1.5714285714285712,1.6111111111111112
1.666666666666666,1.5714285714285712,1.6111111111111112
2.333333333333333,1.5714285714285712,1.6111111111111112
3.0,1.5714285714285712,1.6111111111111112
-3.0,2.3571428571428568,1.6111111111111112
-2.3333333333333335,2.3571428571428568,1.6111111111111112
-1.6666666666666667,2.3571428571428568,1.6111111111111112
-1.0,2.3571428571428568,1.6111111111111112
-0.3333333333333335,2.3571428571428568,1.6111111111111112
0.33333333333333304,2.3571428571428568,1.6111111111111112
1.0,2.3571428571428568,1.6111111111111112
1.666666666666666,2.3571428571428568,1.6111111111111112
2.333333333333333,2.3571428571428568,1.6111111111111112
3.0,2.3571428571428568,1.6111111111111112
-3.0,3.1428571428571423,1.6111111111111112
-2.3333333333333335,3.1428571428571423,1.6111111111111112
-1.6666666666666667,3.1428571428571423,1.6111111111111112
-1.0,3.1428571428571423,1.6111111111111112
-0.3333333333333335,3.1428571428571423,1.6111111111111112
0.33333333333333304,3.1428571428571423,1.6111111111111112
1.0,3.1428571428571423,1.6111111111111112
1.666666666666666,3.1428571428571423,1.6111111111111112
2.333333333333333,3.1428571428571423,1.6111111111111112
3.0,3.1428571428571423,1.6111111111111112
-3.0,3.928571428571429,1.6111111111111112
-2.3333333333333335,3.928571428571429,1.6111111111111112
-1.6666666666666667,3.928571428571429,1.6111111111111112
-1.0,3.928571428571429,1.6111111111111112
-0.3333333333333335,3.928571428571429,1.6111111111111112
0.33333333333333304,3.928571428571429,1.6111111111111112
1.0,3.928571428571429,1.6111111111111112
1.666666666666666,3.928571428571429,1.6111111111111112
2.333333333333333,3.928571428571429,1.6111111111111112
3.0,3.928571428571429,1.6111111111111112
-3.0,4.7142857142857135,1.6111111111111112
-2.3333333333333335,4.7142857142857135,1.6111111111111112
-1.6666666666666667,4.7142857142857135,1.6111111111111112
-1.0,4.7142857142857135,1.6111111111111112
-0.3333333333333335,4.7142857142857135,1.6111111111111112
0.33333333333333304,4.7142857142857135,1.6111111111111112
1.0,4.7142857142857135,1.6111111111111112
1.666666666666666,4.7142857142857135,1.6111111111111112
2.333333333333333,4.7142857142857135,1.6111111111111112
3.0,4.7142857142857135,1.6111111111111112
-3.0,5.5,1.6111111111111112
-2.3333333333333335,5.5,1.6111111111111112
-1.6666666666666667,5.5,1.6111111111111112
-1.0,5.5,1.6111111111111112
-0.3333333333333335,5.5,1.6111111111111112
0.33333333333333304,5.5,1.6111111111111112
1.0,5.5,1.6111111111111112
1.666666666666666,5.5,1.6111111111111112
2.333333333333333,5.5,1.6111111111111112
3.0,5.5,1.6111111111111112
-3.0,-5.5,1.8888888888888888
-2.3333333333333335,-5.5,1.8888888888888888
-1.6666666666666667,-5.5,1.8888888888888888
-1.0,-5.5,1.8888888888888888
-0.3333333333333335,-5.5,1.8888888888888888
0.33333333333333304,-5.5,1.8888888888888888
1.0,-5.5,1.8888888888888888
1.666666666666666,-5.5,1.8888888888888888
2.333333333333333,-5.5,1.8888888888888888
3.0,-5.5,1.8888888888888888
-3.0,-4.714285714285714,1.8888888888888888
-2.3333333333333335,-4.714285714285714,1.8888888888888888
-1.6666666666666667,-4.714285714285714,1.8888888888888888
-1.0,-4.714285714285714,1.8888888888888888
-0.3333333333333335,-4.714285714285714,1.8888888888888888
0.33333333333333304,-4.714285714285714,1.8888888888888888
1.0,-4.714285714285714,1.8888888888888888
1.666666666666666,-4.714285714285714,1.8888888888888888
2.333333333333333,-4.714285714285714,1.8888888888888888
3.0,-4.714285714285714,1.8888888888888888
-3.0,-3.928571428571429,1.8888888888888888
-2.3333333333333335,-3.928571428571429,1.8888888888888888
-1.6666666666666667,-3.928571428571429,1.8888888888888888
-1.0,-3.928571428571429,1.8888888888888888
-0.3333333333333335,-3.928571428571429,1.8888888888888888
0.33333333333333304,-3.928571428571429,1.8888888888888888
1.0,-3.928571428571429,1.8888888888888888
1.666666666666666,-3.928571428571429,1.8888888888888888
2.333333333333333,-3.928571428571429,1.8888888888888888
3.0,-3.928571428571429,1.8888888888888888
-3.0,-3.142857142857143,1.8888888888888888
-2.3333333333333335,-3.142857142857143,1.8888888888888888
-1.6666666666666667,-3.142857142857143,1.8888888888888888
-1.0,-3.142857142857143,1.8888888888888888
-0.3333333333333335,-3.142857142857143,1.8888888888888888
0.33333333333333304,-3.142857142857143,1.8888888888888888
1.0,-3.142857142857143,1.8888888888888888
1.666666666666666,-3.142857142857143,1.8888888888888888
2.333333333333333,-3.142857142857143,1.8888888888888888
3.0,-3.142857142857143,1.8888888888888888
-3.0,-2.357142857142857,1.8888888888888888
-2.3333333333333335,-2.357142857142857,1.8888888888888888
-1.6666666666666667,-2.357142857142857,1.8888888888888888
-1.0,-2.357142857142857,1.8888888888888888
-0.3333333333333335,-2.357142857142857,1.8888888888888888
0.33333333333333304,-2.357142857142857,1.8888888888888888
1.0,-2.357142857142857,1.8888888888888888
1.666666666666666,-2.357142857142857,1.8888888888888888
2.333333333333333,-2.357142857142857,1.8888888888888888
3.0,-2.357142857142857,1.8888888888888888
-3.0,-1.5714285714285716,1.8888888888888888
-2.3333333333333335,-1.5714285714285716,1.8888888888888888
-1.6666666666666667,-1.5714285714285716,1.8888888888888888
-1.0,-1.5714285714285716,1.8888888888888888
-0.3333333333333335,-1.5714285714285716,1.8888888888888888
0.33333333333333304,-1.5714285714285716,1.8888888888888888
1.0,-1.5714285714285716,1.8888888888888888
1.666666666666666,-1.5714285714285716,1.8888888888888888
2.333333333333333,-1.5714285714285716,1.8888888888888888
3.0,-1.5714285714285716,1.8888888888888888
-3.0,-0.7857142857142856,1.8888888888888888
-2.3333333333333335,-0.7857142857142856,1.8888888888888888
-1.6666666666666667,-0.7857142857142856,1.8888888888888888
-1.0,-0.7857142857142856,1.8888888888888888
-0.3333333333333335,-0.7857142857142856,1.8888888888888888
0.33333333333333304,-0.7857142857142856,1.8888888888888888
1.0,-0.7857142857142856,1.8888888888888888
1.666666666666666,-0.7857142857142856,1.8888888888888888
2.333333333333333,-0.7857142857142856,1.8888888888888888
3.0,-0.7857142857142856,1.8888888888888888
-3.0,0.0,1.8888888888888888
-2.3333333333333335,0.0,1.8888888888888888
-1.6666666666666667,0.0,1.8888888888888888
-1.0,0.0,1.8888888888888888
-0.3333333333333335,0.0,1.8888888888888888
0.33333333333333304,0.0,1.8888888888888888
1.0,0.0,1.8888888888888888
1.666666666666666,0.0,1.8888888888888888
2.333333333333333,0.0,1.8888888888888888
3.0,0.0,1.8888888888888888
-3.0,0.7857142857142856,1.8888888888888888
-2.3333333333333335,0.7857142857142856,1.8888888888888888
-1.6666666666666667,0.7857142857142856,1.8888888888888888
-1.0,0.7857142857142856,1.8888888888888888
-0.3333333333333335,0.7857142857142856,1.8888888888888888
0.33333333333333304,0.7857142857142856,1.8888888888888888
1.0,0.7857142857142856,1.8888888888888888
1.666666666666666,0.7857142857142856,1.8888888888888888
2.333333333333333,0.7857142857142856,1.8888888888888888
3.0,0.7857142857142856,1.8888888888888888
-3.0,1.5714285714285712,1.8888888888888888
-2.3333333333333335,1.5714285714285712,1.8888888888888888
-1.6666666666666667,1.5714285714285712,1.8888888888888888
-1.0,1.5714285714285712,1.8888888888888888
-0.3333333333333335,1.5714285714285712,1.8888888888888888
0.33333333333333304,1.5714285714285712,1.8888888888888888
1.0,1.5714285714285712,1.8888888888888888
1.666666666666666,1.5714285714285712,1.8888888888888888
2.333333333333333,1.5714285714285712,1.8888888888888888
3.0,1.5714285714285712,1.8888888888888888
-3.0,2.3571428571428568,1.8888888888888888
-2.3333333333333335,2.3571428571428568,1.8888888888888888
-1.6666666666666667,2.3571428571428568,1.8888888888888888
-1.0,2.3571428571428568,1.8888888888888888
-0.3333333333333335,2.3571428571428568,1.8888888888888888
0.33333333333333304,2.3571428571428568,1.8888888888888888
1.0,2.3571428571428568,1.8888888888888888
1.666666666666666,2.3571428571428568,1.8888888888888888
2.333333333333333,2.3571428571428568,1.8888888888888888
3.0,2.3571428571428568,1.8888888888888888
-3.0,3.1428571428571423,1.8888888888888888
-2.3333333333333335,3.1428571428571423,1.8888888888888888
-1.6666666666666667,3.1428571428571423,1.8888888888888888
-1.0,3.1428571428571423,1.8888888888888888
-0.3333333333333335,3.1428571428571423,1.8888888888888888
0.33333333333333304,3.1428571428571423,1.8888888888888888
1.0,3.1428571428571423,1.8888888888888888
1.666666666666666,3.1428571428571423,1.8888888888888888
2.333333333333333,3.1428571428571423,1.8888888888888888
3.0,3.1428571428571423,1.8888888888888888
-3.0,3.928571428571429,1.8888888888888888
-2.3333333333333335,3.928571428571429,1.8888888888888888
-1.6666666666666667,3.928571428571429,1.8888888888888888
-1.0,3.928571428571429,1.8888888888888888
-0.3333333333333335,3.928571428571429,1.8888888888888888
0.33333333333333304,3.928571428571429,1.8888888888888888
1.0,3.928571428571429,1.8888888888888888
1.666666666666666,3.928571428571429,1.8888888888888888
2.333333333333333,3.928571428571429,1.8888888888888888
3.0,3.928571428571429,1.8888888888888888
-3.0,4.7142857142857135,1.8888888888888888
-2.3333333333333335,4.7142857142857135,1.8888888888888888
-1.6666666666666667,4.7142857142857135,1.8888888888888888
-1.0,4.7142857142857135,1.8888888888888888
-0.3333333333333335,4.7142857142857135,1.8888888888888888
0.33333333333333304,4.7142857142857135,1.8888888888888888
1.0,4.7142857142857135,1.8888888888888888
1.666666666666666,4.7142857142857135,1.8888888888888888
2.333333333333333,4.7142857142857135,1.8888888888888888
3.0,4.7142857142857135,1.8888888888888888
-3.0,5.5,1.8888888888888888
-2.3333333333333335,5.5,1.8888888888888888
-1.6666666666666667,5.5,1.8888888888888888
-1.0,5.5,1.8888888888888888
-0.3333333333333335,5.5,1.8888888888888888
0.33333333333333304,5.5,1.8888888888888888
1.0,5.5,1.8888888888888888
1.666666666666666,5.5,1.8888888888888888
2.333333333333333,5.5,1.8888888888888888
3.0,5.5,1.8888888888888888
-3.0,-5.5,2.166666666666667
-2.3333333333333335,-5.5,2.166666666666667
-1.6666666666666667,-5.5,2.166666666666667
-1.0,-5.5,2.166666666666667
-0.3333333333333335,-5.5,2.166666666666667
0.33333333333333304,-5.5,2.166666666666667
1.0,-5.5,2.166666666666667
1.666666666666666,-5.5,2.166666666666667
2.333333333333333,-5.5,2.166666666666667
3.0,-5.5,2.166666666666667
-3.0,-4.714285714285714,2.166666666666667
-2.3333333333333335,-4.714285714285714,2.166666666666667
-1.6666666666666667,-4.714285714285714,2.166666666666667
-1.0,-4.714285714285714,2.166666666666667
-0.3333333333333335,-4.714285714285714,2.166666666666667
0.33333333333333304,-4.714285714285714,2.166666666666667
1.0,-4.714285714285714,2.166666666666667
1.666666666666666,-4.714285714285714,2.166666666666667
2.333333333333333,-4.714285714285714,2.166666666666667
3.0,-4.714285714285714,2.166666666666667
-3.0,-3.928571428571429,2.166666666666667
-2.3333333333333335,-3.928571428571429,2.166666666666667
-1.6666666666666667,-3.928571428571429,2.166666666666667
-1.0,-3.928571428571429,2.166666666666667
-0.3333333333333335,-3.928571428571429,2.166666666666667
0.33333333333333304,-3.928571428571429,2.166666666666667
1.0,-3.928571428571429,2.166666666666667
1.666666666666666,-3.928571428571429,2.166666666666667
2.333333333333333,-3.928571428571429,2.166666666666667
3.0,-3.928571428571429,2.166666666666667
-3.0,-3.142857142857143,2.166666666666667
-2.3333333333333335,-3.142857142857143,2.166666666666667
-1.6666666666666667,-3.142857142857143,2.166666666666667
-1.0,-3.142857142857143,2.166666666666667
-0.3333333333333335,-3.142857142857143,2.166666666666667
0.33333333333333304,-3.142857142857143,2.166666666666667
1.0,-3.142857142857143,2.166666666666667
1.666666666666666,-3.142857142857143,2.166666666666667
2.333333333333333,-3.142857142857143,2.166666666666667
3.0,-3.142857142857143,2.166666666666667
-3.0,-2.357142857142857,2.166666666666667
-2.3333333333333335,-2.357142857142857,2.166666666666667
-1.6666666666666667,-2.357142857142857,2.166666666666667
-1.0,-2.357142857142857,2.166666666666667
-0.3333333333333335,-2.357142857142857,2.166666666666667
0.33333333333333304,-2.357142857142857,2.166666666666667
1.0,-2.357142857142857,2.166666666666667
1.666666666666666,-2.357142857142857,2.166666666666667
2.333333333333333,-2.357142857142857,2.166666666666667
3.0,-2.357142857142857,2.166666666666667
-3.0,-1.5714285714285716,2.166666666666667
-2.3333333333333335,-1.5714285714285716,2.166666666666667
-1.6666666666666667,-1.5714285714285716,2.166666666666667
-1.0,-1.5714285714285716,2.166666666666667
-0.3333333333333335,-1.5714285714285716,2.166666666666667
0.33333333333333304,-1.5714285714285716,2.166666666666667
1.0,-1.5714285714285716,2.166666666666667
1.666666666666666,-1.5714285714285716,2.166666666666667
2.333333333333333,-1.5714285714285716,2.166666666666667
3.0,-1.5714285714285716,2.166666666666667
-3.0,-0.7857142857142856,2.166666666666667
-2.3333333333333335,-0.7857142857142856,2.166666666666667
-1.6666666666666667,-0.7857142857142856,2.166666666666667
-1.0,-0.7857142857142856,2.166666666666667
-0.3333333333333335,-0.7857142857142856,2.166666666666667
0.33333333333333304,-0.7857142857142856,2.166666666666667
1.0,-0.7857142857142856,2.166666666666667
1.666666666666666,-0.7857142857142856,2.166666666666667
2.333333333333333,-0.7857142857142856,2.166666666666667
3.0,-0.7857142857142856,2.166666666666667
-3.0,0.0,2.166666666666667
-2.3333333333333335,0.0,2.166666666666667
-1.6666666666666667,0.0,2.166666666666667
-1.0,0.0,2.166666666666667
-0.3333333333333335,0.0,2.166666666666667
0.33333333333333304,0.0,2.166666666666667
1.0,0.0,2.166666666666667
1.666666666666666,0.0,2.166666666666667
2.333333333333333,0.0,2.166666666666667
3.0,0.0,2.166666666666667
-3.0,0.7857142857142856,2.166666666666667
-2.3333333333333335,0.7857142857142856,2.166666666666667
-1.6666666666666667,0.7857142857142856,2.166666666666667
-1.0,0.7857142857142856,2.166666666666667
-0.3333333333333335,0.7857142857142856,2.166666666666667
0.33333333333333304,0.7857142857142856,2.166666666666667
1.0,0.7857142857142856,2.166666666666667
1.666666666666666,0.7857142857142856,2.166666666666667
2.333333333333333,0.7857142857142856,2.166666666666667
3.0,0.7857142857142856,2.166666666666667
-3.0,1.5714285714285712,2.166666666666667
-2.3333333333333335,1.5714285714285712,2.166666666666667
-1.6666666666666667,1.5714285714285712,2.166666666666667
-1.0,1.5714285714285712,2.166666666666667
-0.3333333333333335,1.5714285714285712,2.166666666666667
0.33333333333333304,1.5714285714285712,2.166666666666667
1.0,1.5714285714285712,2.166666666666667
1.666666666666666,1.5714285714285712,2.166666666666667
2.333333333333333,1.5714285714285712,2.166666666666667
3.0,1.5714285714285712,2.166666666666667
-3.0,2.3571428571428568,2.166666666666667
-2.3333333333333335,2.3571428571428568,2.166666666666667
-1.6666666666666667,2.3571428571428568,2.166666666666667
-1.0,2.3571428571428568,2.166666666666667
-0.3333333333333335,2.3571428571428568,2.166666666666667
0.33333333333333304,2.3571428571428568,2.166666666666667
1.0,2.3571428571428568,2.166666666666667
1.666666666666666,2.3571428571428568,2.166666666666667
2.333333333333333,2.3571428571428568,2.166666666666667
3.0,2.3571428571428568,2.166666666666667
-3.0,3.1428571428571423,2.166666666666667
-2.3333333333333335,3.1428571428571423,2.166666666666667
-1.6666666666666667,3.1428571428571423,2.166666666666667
-1.0,3.1428571428571423,2.166666666666667
-0.3333333333333335,3.1428571428571423,2.166666666666667
0.33333333333333304,3.1428571428571423,2.166666666666667
1.0,3.1428571428571423,2.166666666666667
1.666666666666666,3.1428571428571423,2.166666666666667
2.333333333333333,3.1428571428571423,2.166666666666667
3.0,3.1428571428571423,2.166666666666667
-3.0,3.928571428571429,2.166666666666667
-2.3333333333333335,3.928571428571429,2.166666666666667
-1.6666666666666667,3.928571428571429,2.166666666666667
-1.0,3.928571428571429,2.166666666666667
-0.3333333333333335,3.928571428571429,2.166666666666667
0.33333333333333304,3.928571428571429,2.166666666666667
1.0,3.928571428571429,2.166666666666667
1.666666666666666,3.928571428571429,2.166666666666667
2.333333333333333,3.928571428571429,2.166666666666667
3.0,3.928571428571429,2.166666666666667
-3.0,4.7142857142857135,2.166666666666667
-2.3333333333333335,4.7142857142857135,2.166666666666667
-1.6666666666666667,4.7142857142857135,2.166666666666667
-1.0,4.7142857142857135,2.166666666666667
-0.3333333333333335,4.7142857142857135,2.166666666666667
0.33333333333333304,4.7142857142857135,2.166666666666667
1.0,4.7142857142857135,2.166666666666667
1.666666666666666,4.7142857142857135,2.166666666666667
2.333333333333333,4.7142857142857135,2.166666666666667
3.0,4.7142857142857135,2.166666666666667
-3.0,5.5,2.166666666666667
-2.3333333333333335,5.5,2.166666666666667
-1.6666666666666667,5.5,2.166666666666667
-1.0,5.5,2.166666666666667
-0.3333333333333335,5.5,2.166666666666667
0.33333333333333304,5.5,2.166666666666667
1.0,5.5,2.166666666666667
1.666666666666666,5.5,2.166666666666667
2.333333333333333,5.5,2.166666666666667
3.0,5.5,2.166666666666667
-3.0,-5.5,2.4444444444444446
-2.3333333333333335,-5.5,2.4444444444444446
-1.6666666666666667,-5.5,2.4444444444444446
-1.0,-5.5,2.4444444444444446
-0.3333333333333335,-5.5,2.4444444444444446
0.33333333333333304,-5.5,2.4444444444444446
1.0,-5.5,2.4444444444444446
1.666666666666666,-5.5,2.4444444444444446
2.333333333333333,-5.5,2.4444444444444446
3.0,-5.5,2.4444444444444446
-3.0,-4.714285714285714,2.4444444444444446
-2.3333333333333335,-4.714285714285714,2.4444444444444446
-1.6666666666666667,-4.714285714285714,2.4444444444444446
-1.0,-4.714285714285714,2.4444444444444446
-0.3333333333333335,-4.714285714285714,2.4444444444444446
0.33333333333333304,-4.714285714285714,2.4444444444444446
1.0,-4.714285714285714,2.4444444444444446
1.666666666666666,-4.714285714285714,2.4444444444444446
2.333333333333333,-4.714285714285714,2.4444444444444446
3.0,-4.714285714285714,2.4444444444444446
-3.0,-3.928571428571429,2.4444444444444446
-2.3333333333333335,-3.928571428571429,2.4444444444444446
-1.6666666666666667,-3.928571428571429,2.4444444444444446
-1.0,-3.928571428571429,2.4444444444444446
-0.3333333333333335,-3.928571428571429,2.4444444444444446
0.33333333333333304,-3.928571428571429,2.4444444444444446
1.0,-3.928571428571429,2.4444444444444446
1.666666666666666,-3.928571428571429,2.4444444444444446
2.333333333333333,-3.928571428571429,2.4444444444444446
3.0,-3.928571428571429,2.4444444444444446
-3.0,-3.142857142857143,2.4444444444444446
-2.3333333333333335,-3.142857142857143,2.4444444444444446
-1.6666666666666667,-3.142857142857143,2.4444444444444446
-1.0,-3.142857142857143,2.4444444444444446
-0.3333333333333335,-3.142857142857143,2.4444444444444446
0.33333333333333304,-3.142857142857143,2.4444444444444446
1.0,-3.142857142857143,2.4444444444444446
1.666666666666666,-3.142857142857143,2.4444444444444446
2.333333333333333,-3.142857142857143,2.4444444444444446
3.0,-3.142857142857143,2.4444444444444446
-3.0,-2.357142857142857,2.4444444444444446
-2.3333333333333335,-2.357142857142857,2.4444444444444446
-1.6666666666666667,-2.357142857142857,2.4444444444444446
-1.0,-2.357142857142857,2.4444444444444446
-0.3333333333333335,-2.357142857142857,2.4444444444444446
0.33333333333333304,-2.357142857142857,2.4444444444444446
1.0,-2.357142857142857,2.4444444444444446
1.666666666666666,-2.357142857142857,2.4444444444444446
2.333333333333333,-2.357142857142857,2.4444444444444446
3.0,-2.357142857142857,2.4444444444444446
-3.0,-1.5714285714285716,2.4444444444444446
-2.3333333333333335,-1.5714285714285716,2.4444444444444446
-1.6666666666666667,-1.5714285714285716,2.4444444444444446
-1.0,-1.5714285714285716,2.4444444444444446
-0.3333333333333335,-1.5714285714285716,2.4444444444444446
0.33333333333333304,-1.5714285714285716,2.4444444444444446
1.0,-1.5714285714285716,2.4444444444444446
1.666666666666666,-1.5714285714285716,2.4444444444444446
2.333333333333333,-1.5714285714285716,2.4444444444444446
3.0,-1.5714285714285716,2.4444444444444446
-3.0,-0.7857142857142856,2.4444444444444446
-2.3333333333333335,-0.7857142857142856,2.4444444444444446
-1.6666666666666667,-0.7857142857142856,2.4444444444444446
-1.0,-0.7857142857142856,2.4444444444444446
-0.3333333333333335,-0.7857142857142856,2.4444444444444446
0.33333333333333304,-0.7857142857142856,2.4444444444444446
1.0,-0.7857142857142856,2.4444444444444446
1.666666666666666,-0.7857142857142856,2.4444444444444446
2.333333333333333,-0.7857142857142856,2.4444444444444446
3.0,-0.7857142857142856,2.4444444444444446
-3.0,0.0,2.4444444444444446
-2.3333333333333335,0.0,2.4444444444444446
-1.6666666666666667,0.0,2.4444444444444446
-1.0,0.0,2.4444444444444446
-0.3333333333333335,0.0,2.4444444444444446
0.33333333333333304,0.0,2.4444444444444446
1.0,0.0,2.4444444444444446
1.666666666666666,0.0,2.4444444444444446
2.333333333333333,0.0,2.4444444444444446
3.0,0.0,2.4444444444444446
-3.0,0.7857142857142856,2.4444444444444446
-2.3333333333333335,0.7857142857142856,2.4444444444444446
-1.6666666666666667,0.7857142857142856,2.4444444444444446
-1.0,0.7857142857142856,2.4444444444444446
-0.3333333333333335,0.7857142857142856,2.4444444444444446
0.33333333333333304,0.7857142857142856,2.4444444444444446
1.0,0.7857142857142856,2.4444444444444446
1.666666666666666,0.7857142857142856,2.4444444444444446
2.333333333333333,0.7857142857142856,2.4444444444444446
3.0,0.7857142857142856,2.4444444444444446
-3.0,1.5714285714285712,2.4444444444444446
-2.3333333333333335,1.5714285714285712,2.4444444444444446
-1.6666666666666667,1.5714285714285712,2.4444444444444446
-1.0,1.5714285714285712,2.4444444444444446
-0.3333333333333335,1.5714285714285712,2.4444444444444446
0.33333333333333304,1.5714285714285712,2.4444444444444446
1.0,1.5714285714285712,2.4444444444444446
1.666666666666666,1.5714285714285712,2.4444444444444446
2.333333333333333,1.5714285714285712,2.4444444444444446
3.0,1.5714285714285712,2.4444444444444446
-3.0,2.3571428571428568,2.4444444444444446
-2.3333333333333335,2.3571428571428568,2.4444444444444446
-1.6666666666666667,2.3571428571428568,2.4444444444444446
-1.0,2.3571428571428568,2.4444444444444446
-0.3333333333333335,2.3571428571428568,2.4444444444444446
0.33333333333333304,2.3571428571428568,2.4444444444444446
1.0,2.3571428571428568,2.4444444444444446
1.666666666666666,2.3571428571428568,2.4444444444444446
2.333333333333333,2.3571428571428568,2.4444444444444446
3.0,2.3571428571428568,2.4444444444444446
-3.0,3.1428571428571423,2.4444444444444446
-2.3333333333333335,3.1428571428571423,2.4444444444444446
-1.6666666666666667,3.1428571428571423,2.4444444444444446
-1.0,3.1428571428571423,2.4444444444444446
-0.3333333333333335,3.1428571428571423,2.4444444444444446
0.33333333333333304,3.1428571428571423,2.4444444444444446
1.0,3.1428571428571423,2.4444444444444446
1.666666666666666,3.1428571428571423,2.4444444444444446
2.333333333333333,3.1428571428571423,2.4444444444444446
3.0,3.1428571428571423,2.4444444444444446
-3.0,3.928571428571429,2.4444444444444446
-2.3333333333333335,3.928571428571429,2.4444444444444446
-1.6666666666666667,3.928571428571429,2.4444444444444446
-1.0,3.928571428571429,2.4444444444444446
-0.3333333333333335,3.928571428571429,2.4444444444444446
0.33333333333333304,3.928571428571429,2.4444444444444446
1.0,3.928571428571429,2.4444444444444446
1.666666666666666,3.928571428571429,2.4444444444444446
2.333333333333333,3.928571428571429,2.4444444444444446
3.0,3.928571428571429,2.4444444444444446
-3.0,4.7142857142857135,2.4444444444444446
-2.3333333333333335,4.7142857142857135,2.4444444444444446
-1.6666666666666667,4.7142857142857135,2.4444444444444446
-1.0,4.7142857142857135,2.4444444444444446
-0.3333333333333335,4.7142857142857135,2.4444444444444446
0.33333333333333304,4.7142857142857135,2.4444444444444446
1.0,4.7142857142857135,2.4444444444444446
1.666666666666666,4.7142857142857135,2.4444444444444446
2.333333333333333,4.7142857142857135,2.4444444444444446
3.0,4.7142857142857135,2.4444444444444446
-3.0,5.5,2.4444444444444446
-2.3333333333333335,5.5,2.4444444444444446
-1.6666666666666667,5.5,2.4444444444444446
-1.0,5.5,2.4444444444444446
-0.3333333333333335,5.5,2.4444444444444446
0.33333333333333304,5.5,2.4444444444444446
1.0,5.5,2.4444444444444446
1.666666666666666,5.5,2.4444444444444446
2.333333333333333,5.5,2.4444444444444446
3.0,5.5,2.4444444444444446
-3.0,-5.5,2.7222222222222223
-2.3333333333333335,-5.5,2.7222222222222223
-1.6666666666666667,-5.5,2.7222222222222223
-1.0,-5.5,2.7222222222222223
-0.3333333333333335,-5.5,2.7222222222222223
0.33333333333333304,-5.5,2.7222222222222223
1.0,-5.5,2.7222222222222223
1.666666666666666,-5.5,2.7222222222222223
2.333333333333333,-5.5,2.7222222222222223
3.0,-5.5,2.7222222222222223
-3.0,-4.714285714285714,2.7222222222222223
-2.3333333333333335,-4.714285714285714,2.7222222222222223
-1.6666666666666667,-4.714285714285714,2.7222222222222223
-1.0,-4.714285714285714,2.7222222222222223
-0.3333333333333335,-4.714285714285714,2.7222222222222223
0.33333333333333304,-4.714285714285714,2.7222222222222223
1.0,-4.714285714285714,2.7222222222222223
1.666666666666666,-4.714285714285714,2.7222222222222223
2.333333333333333,-4.714285714285714,2.7222222222222223
3.0,-4.714285714285714,2.7222222222222223
-3.0,-3.928571428571429,2.7222222222222223
-2.3333333333333335,-3.928571428571429,2.7222222222222223
-1.6666666666666667,-3.928571428571429,2.7222222222222223
-1.0,-3.928571428571429,2.7222222222222223
-0.3333333333333335,-3.928571428571429,2.7222222222222223
0.33333333333333304,-3.928571428571429,2.7222222222222223
1.0,-3.928571428571429,2.7222222222222223
1.666666666666666,-3.928571428571429,2.7222222222222223
2.333333333333333,-3.928571428571429,2.7222222222222223
3.0,-3.928571428571429,2.7222222222222223
-3.0,-3.142857142857143,2.7222222222222223
-2.3333333333333335,-3.142857142857143,2.7222222222222223
-1.6666666666666667,-3.142857142857143,2.7222222222222223
-1.0,-3.142857142857143,2.7222222222222223
-0.3333333333333335,-3.142857142857143,2.7222222222222223
0.33333333333333304,-3.142857142857143,2.7222222222222223
1.0,-3.142857142857143,2.7222222222222223
1.666666666666666,-3.142857142857143,2.7222222222222223
2.333333333333333,-3.142857142857143,2.7222222222222223
3.0,-3.142857142857143,2.7222222222222223
-3.0,-2.357142857142857,2.7222222222222223
-2.3333333333333335,-2.357142857142857,2.7222222222222223
-1.6666666666666667,-2.357142857142857,2.7222222222222223
-1.0,-2.357142857142857,2.7222222222222223
-0.3333333333333335,-2.357142857142857,2.7222222222222223
0.33333333333333304,-2.357142857142857,2.7222222222222223
1.0,-2.357142857142857,2.7222222222222223
1.666666666666666,-2.357142857142857,2.7222222222222223
2.333333333333333,-2.357142857142857,2.7222222222222223
3.0,-2.357142857142857,2.7222222222222223
-3.0,-1.5714285714285716,2.7222222222222223
-2.3333333333333335,-1.5714285714285716,2.7222222222222223
-1.6666666666666667,-1.5714285714285716,2.7222222222222223
-1.0,-1.5714285714285716,2.7222222222222223
-0.3333333333333335,-1.5714285714285716,2.7222222222222223
0.33333333333333304,-1.5714285714285716,2.7222222222222223
1.0,-1.5714285714285716,2.7222222222222223
1.666666666666666,-1.5714285714285716,2.7222222222222223
2.333333333333333,-1.5714285714285716,2.7222222222222223
3.0,-1.5714285714285716,2.7222222222222223
-3.0,-0.7857142857142856,2.7222222222222223
-2.3333333333333335,-0.7857142857142856,2.7222222222222223
-1.6666666666666667,-0.7857142857142856,2.7222222222222223
-1.0,-0.7857142857142856,2.7222222222222223
-0.3333333333333335,-0.7857142857142856,2.7222222222222223
0.33333333333333304,-0.7857142857142856,2.7222222222222223
1.0,-0.7857142857142856,2.7222222222222223
1.666666666666666,-0.7857142857142856,2.7222222222222223
2.333333333333333,-0.7857142857142856,2.7222222222222223
3.0,-0.7857142857142856,2.7222222222222223
-3.0,0.0,2.7222222222222223
-2.3333333333333335,0.0,2.7222222222222223
-1.6666666666666667,0.0,2.7222222222222223
-1.0,0.0,2.7222222222222223
-0.3333333333333335,0.0,2.7222222222222223
0.33333333333333304,0.0,2.7222222222222223
1.0,0.0,2.7222222222222223
1.666666666666666,0.0,2.7222222222222223
2.333333333333333,0.0,2.7222222222222223
3.0,0.0,2.7222222222222223
-3.0,0.7857142857142856,2.7222222222222223
-2.3333333333333335,0.7857142857142856,2.7222222222222223
-1.6666666666666667,0.7857142857142856,2.7222222222222223
-1.0,0.7857142857142856,2.7222222222222223
-0.3333333333333335,0.7857142857142856,2.7222222222222223
0.33333333333333304,0.7857142857142856,2.7222222222222223
1.0,0.7857142857142856,2.7222222222222223
1.666666666666666,0.7857142857142856,2.7222222222222223
2.333333333333333,0.7857142857142856,2.7222222222222223
3.0,0.7857142857142856,2.7222222222222223
-3.0,1.5714285714285712,2.7222222222222223
-2.3333333333333335,1.5714285714285712,2.7222222222222223
-1.6666666666666667,1.5714285714285712,2.7222222222222223
-1.0,1.5714285714285712,2.7222222222222223
-0.3333333333333335,1.5714285714285712,2.7222222222222223
0.33333333333333304,1.5714285714285712,2.7222222222222223
1.0,1.5714285714285712,2.7222222222222223
1.666666666666666,1.5714285714285712,2.7222222222222223
2.333333333333333,1.5714285714285712,2.7222222222222223
3.0,1.5714285714285712,2.7222222222222223
-3.0,2.3571428571428568,2.7222222222222223
-2.3333333333333335,2.3571428571428568,2.7222222222222223
-1.6666666666666667,2.3571428571428568,2.7222222222222223
-1.0,2.3571428571428568,2.7222222222222223
-0.3333333333333335,2.3571428571428568,2.7222222222222223
0.33333333333333304,2.3571428571428568,2.7222222222222223
1.0,2.3571428571428568,2.7222222222222223
1.666666666666666,2.3571428571428568,2.7222222222222223
2.333333333333333,2.3571428571428568,2.7222222222222223
3.0,2.3571428571428568,2.7222222222222223
-3.0,3.1428571428571423,2.7222222222222223
-2.3333333333333335,3.1428571428571423,2.7222222222222223
-1.6666666666666667,3.1428571428571423,2.7222222222222223
-1.0,3.1428571428571423,2.7222222222222223
-0.3333333333333335,3.1428571428571423,2.7222222222222223
0.33333333333333304,3.1428571428571423,2.7222222222222223
1.0,3.1428571428571423,2.7222222222222223
1.666666666666666,3.1428571428571423,2.7222222222222223
2.333333333333333,3.1428571428571423,2.7222222222222223
3.0,3.1428571428571423,2.7222222222222223
-3.0,3.928571428571429,2.7222222222222223
-2.3333333333333335,3.928571428571429,2.7222222222222223
-1.6666666666666667,3.928571428571429,2.7222222222222223
-1.0,3.928571428571429,2.7222222222222223
-0.3333333333333335,3.928571428571429,2.7222222222222223
0.33333333333333304,3.928571428571429,2.7222222222222223
1.0,3.928571428571429,2.7222222222222223
1.666666666666666,3.928571428571429,2.7222222222222223
2.333333333333333,3.928571428571429,2.7222222222222223
3.0,3.928571428571429,2.7222222222222223
-3.0,4.7142857142857135,2.7222222222222223
-2.3333333333333335,4.7142857142857135,2.7222222222222223
-1.6666666666666667,4.7142857142857135,2.7222222222222223
-1.0,4.7142857142857135,2.7222222222222223
-0.3333333333333335,4.7142857142857135,2.7222222222222223
0.33333333333333304,4.7142857142857135,2.7222222222222223
1.0,4.7142857142857135,2.7222222222222223
1.666666666666666,4.7142857142857135,2.7222222222222223
2.333333333333333,4.7142857142857135,2.7222222222222223
3.0,4.7142857142857135,2.7222222222222223
-3.0,5.5,2.7222222222222223
-2.3333333333333335,5.5,2.7222222222222223
-1.6666666666666667,5.5,2.7222222222222223
-1.0,5.5,2.7222222222222223
-0.3333333333333335,5.5,2.7222222222222223
0.33333333333333304,5.5,2.7222222222222223
1.0,5.5,2.7222222222222223
1.666666666666666,5.5,2.7222222222222223
2.333333333333333,5.5,2.7222222222222223
3.0,5.5,2.7222222222222223
-3.0,-5.5,3.0
-2.3333333333333335,-5.5,3.0
-1.6666666666666667,-5.5,3.0
-1.0,-5.5,3.0
-0.3333333333333335,-5.5,3.0
0.33333333333333304,-5.5,3.0
1.0,-5.5,3.0
1.666666666666666,-5.5,3.0
2.333333333333333,-5.5,3.0
3.0,-5.5,3.0
-3.0,-4.714285714285714,3.0
-2.3333333333333335,-4.714285714285714,3.0
-1.6666666666666667,-4.714285714285714,3.0
-1.0,-4.714285714285714,3.0
-0.3333333333333335,-4.714285714285714,3.0
0.33333333333333304,-4.714285714285714,3.0
1.0,-4.714285714285714,3.0
1.666666666666666,-4.714285714285714,3.0
2.333333333333333,-4.714285714285714,3.0
3.0,-4.714285714285714,3.0
-3.0,-3.928571428571429,3.0
-2.3333333333333335,-3.928571428571429,3.0
-1.6666666666666667,-3.928571428571429,3.0
-1.0,-3.928571428571429,3.0
-0.3333333333333335,-3.928571428571429,3.0
0.33333333333333304,-3.928571428571429,3.0
1.0,-3.928571428571429,3.0
1.666666666666666,-3.928571428571429,3.0
2.333333333333333,-3.928571428571429,3.0
3.0,-3.928571428571429,3.0
-3.0,-3.142857142857143,3.0
-2.3333333333333335,-3.142857142857143,3.0
-1.6666666666666667,-3.142857142857143,3.0
-1.0,-3.142857142857143,3.0
-0.3333333333333335,-3.142857142857143,3.0
0.33333333333333304,-3.142857142857143,3.0
1.0,-3.142857142857143,3.0
1.666666666666666,-3.142857142857143,3.0
2.333333333333333,-3.142857142857143,3.0
3.0,-3.142857142857143,3.0
-3.0,-2.357142857142857,3.0
-2.3333333333333335,-2.357142857142857,3.0
-1.6666666666666667,-2.357142857142857,3.0
-1.0,-2.357142857142857,3.0
-0.3333333333333335,-2.357142857142857,3.0
0.33333333333333304,-2.357142857142857,3.0
1.0,-2.357142857142857,3.0
1.666666666666666,-2.357142857142857,3.0
2.333333333333333,-2.357142857142857,3.0
3.0,-2.357142857142857,3.0
-3.0,-1.5714285714285716,3.0
-2.3333333333333335,-1.5714285714285716,3.0
-1.6666666666666667,-1.5714285714285716,3.0
-1.0,-1.5714285714285716,3.0
-0.3333333333333335,-1.5714285714285716,3.0
0.33333333333333304,-1.5714285714285716,3.0
1.0,-1.5714285714285716,3.0
1.666666666666666,-1.5714285714285716,3.0
2.333333333333333,-1.5714285714285716,3.0
3.0,-1.5714285714285716,3.0
-3.0,-0.7857142857142856,3.0
-2.3333333333333335,-0.7857142857142856,3.0
-1.6666666666666667,-0.7857142857142856,3.0
-1.0,-0.7857142857142856,3.0
-0.3333333333333335,-0.7857142857142856,3.0
0.33333333333333304,-0.7857142857142856,3.0
1.0,-0.7857142857142856,3.0
1.666666666666666,-0.7857142857142856,3.0
2.333333333333333,-0.7857142857142856,3.0
3.0,-0.7857142857142856,3.0
-3.0,0.0,3.0
-2.3333333333333335,0.0,3.0
-1.6666666666666667,0.0,3.0
-1.0,0.0,3.0
-0.3333333333333335,0.0,3.0
0.33333333333333304,0.0,3.0
1.0,0.0,3.0
1.666666666666666,0.0,3.0
2.333333333333333,0.0,3.0
3.0,0.0,3.0
-3.0,0.7857142857142856,3.0
-2.3333333333333335,0.7857142857142856,3.0
-1.6666666666666667,0.7857142857142856,3.0
-1.0,0.7857142857142856,3.0
-0.3333333333333335,0.7857142857142856,3.0
0.33333333333333304,0.7857142857142856,3.0
1.0,0.7857142857142856,3.0
1.666666666666666,0.7857142857142856,3.0
2.333333333333333,0.7857142857142856,3.0
3.0,0.7857142857142856,3.0
-3.0,1.5714285714285712,3.0
-2.3333333333333335,1.5714285714285712,3.0
-1.6666666666666667,1.5714285714285712,3.0
-1.0,1.5714285714285712,3.0
-0.3333333333333335,1.5714285714285712,3.0
0.33333333333333304,1.5714285714285712,3.0
1.0,1.5714285714285712,3.0
1.666666666666666,1.5714285714285712,3.0
2.333333333333333,1.5714285714285712,3.0
3.0,1.5714285714285712,3.0
-3.0,2.3571428571428568,3.0
-2.3333333333333335,2.3571428571428568,3.0
-1.6666666666666667,2.3571428571428568,3.0
-1.0,2.3571428571428568,3.0
-0.3333333333333335,2.3571428571428568,3.0
0.33333333333333304,2.3571428571428568,3.0
1.0,2.3571428571428568,3.0
1.666666666666666,2.3571428571428568,3.0
2.333333333333333,2.3571428571428568,3.0
3.0,2.3571428571428568,3.0
-3.0,3.1428571428571423,3.0
-2.3333333333333335,3.1428571428571423,3.0
-1.6666666666666667,3.1428571428571423,3.0
-1.0,3.1428571428571423,3.0
-0.3333333333333335,3.1428571428571423,3.0
0.33333333333333304,3.1428571428571423,3.0
1.0,3.1428571428571423,3.0
1.666666666666666,3.1428571428571423,3.0
2.333333333333333,3.1428571428571423,3.0
3.0,3.1428571428571423,3.0
-3.0,3.928571428571429,3.0
-2.3333333333333335,3.928571428571429,3.0
-1.6666666666666667,3.928571428571429,3.0
-1.0,3.928571428571429,3.0
-0.3333333333333335,3.928571428571429,3.0
0.33333333333333304,3.928571428571429,3.0
1.0,3.928571428571429,3.0
1.666666666666666,3.928571428571429,3.0
2.333333333333333,3.928571428571429,3.0
3.0,3.928571428571429,3.0
-3.0,4.7142857142857135,3.0
-2.3333333333333335,4.7142857142857135,3.0
-1.6666666666666667,4.7142857142857135,3.0
-1.0,4.7142857142857135,3.0
-0.3333333333333335,4.7142857142857135,3.0
0.33333333333333304,4.7142857142857135,3.0
1.0,4.7142857142857135,3.0
1.666666666666666,4.7142857142857135,3.0
2.333333333333333,4.7142857142857135,3.0
3.0,4.7142857142857135,3.0
-3.0,5.5,3.0
-2.3333333333333335,5.5,3.0
-1.6666666666666667,5.5,3.0
-1.0,5.5,3.0
-0.3333333333333335,5.5,3.0
0.33333333333333304,5.5,3.0
1.0,5.5,3.0
1.666666666666666,5.5,3.0
2.333333333333333,5.5,3.0
3.0,5.5,3.0
